commit_id,committed_at,deployment_id,service
c1a2b3,2026-01-01T14:22:00,deploy-0001,payments-api
c2b3c4,2026-01-02T08:10:00,deploy-0002,user-service
c3c4d5,2026-01-02T16:45:00,deploy-0003,payments-api
c4d5e6,2026-01-04T10:30:00,deploy-0004,reporting-service
c5e6f7,2026-01-05T07:55:00,deploy-0005,user-service
c6f7g8,2026-01-05T17:20:00,deploy-0006,payments-api
c7g8h9,2026-01-07T09:15:00,deploy-0007,notifications
c8h9i0,2026-01-08T08:00:00,deploy-0008,user-service
c9i0j1,2026-01-09T14:30:00,deploy-0009,payments-api
c10j1k2,2026-01-11T11:00:00,deploy-0010,reporting-service
c11k2l3,2026-01-13T08:30:00,deploy-0011,user-service
c12l3m4,2026-01-14T09:00:00,deploy-0012,payments-api
c13m4n5,2026-01-15T10:00:00,deploy-0013,notifications
c14n5o6,2026-01-17T14:00:00,deploy-0014,user-service
c15o6p7,2026-01-19T10:30:00,deploy-0015,payments-api
c16p7q8,2026-01-20T08:45:00,deploy-0016,reporting-service
c17q8r9,2026-01-21T09:00:00,deploy-0017,user-service
c18r9s0,2026-01-22T10:00:00,deploy-0018,payments-api
c19s0t1,2026-01-25T11:00:00,deploy-0019,notifications
c20t1u2,2026-01-26T08:30:00,deploy-0020,user-service
c21u2v3,2026-01-26T22:00:00,deploy-0021,payments-api
c22v3w4,2026-01-28T09:30:00,deploy-0022,reporting-service
c23w4x5,2026-01-29T08:15:00,deploy-0023,user-service
c24x5y6,2026-02-01T15:00:00,deploy-0024,payments-api
c25y6z7,2026-02-02T09:45:00,deploy-0025,user-service
c26z7a8,2026-02-03T13:00:00,deploy-0026,notifications
c27a8b9,2026-02-04T08:30:00,deploy-0027,payments-api
c28b9c0,2026-02-05T08:00:00,deploy-0028,reporting-service
c29c0d1,2026-02-07T10:00:00,deploy-0029,user-service
c30d1e2,2026-02-09T08:30:00,deploy-0030,payments-api
